PRAGMA foreign_keys=OFF;
BEGIN TRANSACTION;
CREATE TABLE IF NOT EXISTS "django_migrations" ("id" integer NOT NULL PRIMARY KEY AUTOINCREMENT, "app" varchar(255) NOT NULL, "name" varchar(255) NOT NULL, "applied" datetime NOT NULL);
INSERT INTO django_migrations VALUES(1,'contenttypes','0001_initial','2019-10-07 18:53:35.425674');
INSERT INTO django_migrations VALUES(2,'auth','0001_initial','2019-10-07 18:53:35.558677');
INSERT INTO django_migrations VALUES(3,'admin','0001_initial','2019-10-07 18:53:35.613291');
INSERT INTO django_migrations VALUES(4,'admin','0002_logentry_remove_auto_add','2019-10-07 18:53:35.663278');
INSERT INTO django_migrations VALUES(5,'admin','0003_logentry_add_action_flag_choices','2019-10-07 18:53:35.720201');
INSERT INTO django_migrations VALUES(6,'contenttypes','0002_remove_content_type_name','2019-10-07 18:53:35.814658');
INSERT INTO django_migrations VALUES(7,'auth','0002_alter_permission_name_max_length','2019-10-07 18:53:35.833064');
INSERT INTO django_migrations VALUES(8,'auth','0003_alter_user_email_max_length','2019-10-07 18:53:35.859731');
INSERT INTO django_migrations VALUES(9,'auth','0004_alter_user_username_opts','2019-10-07 18:53:35.892340');
INSERT INTO django_migrations VALUES(10,'auth','0005_alter_user_last_login_null','2019-10-07 18:53:35.940809');
INSERT INTO django_migrations VALUES(11,'auth','0006_require_contenttypes_0002','2019-10-07 18:53:35.957179');
INSERT INTO django_migrations VALUES(12,'auth','0007_alter_validators_add_error_messages','2019-10-07 18:53:36.012316');
INSERT INTO django_migrations VALUES(13,'auth','0008_alter_user_username_max_length','2019-10-07 18:53:36.064754');
INSERT INTO django_migrations VALUES(14,'auth','0009_alter_user_last_name_max_length','2019-10-07 18:53:36.118729');
INSERT INTO django_migrations VALUES(15,'auth','0010_alter_group_name_max_length','2019-10-07 18:53:36.166973');
INSERT INTO django_migrations VALUES(16,'auth','0011_update_proxy_permissions','2019-10-07 18:53:36.218708');
INSERT INTO django_migrations VALUES(17,'sessions','0001_initial','2019-10-07 18:53:36.247636');
INSERT INTO django_migrations VALUES(18,'studentview','0001_initial','2019-10-07 18:53:36.277000');
INSERT INTO django_migrations VALUES(19,'teacherview','0001_initial','2019-10-07 18:53:36.313345');
INSERT INTO django_migrations VALUES(20,'studentview','0002_registrations_group_ids','2019-10-08 13:41:49.464912');
INSERT INTO django_migrations VALUES(21,'teacherview','0002_subevents_registered_student_ids','2019-10-08 13:41:49.489378');
INSERT INTO django_migrations VALUES(22,'teacherview','0003_auto_20191014_0103','2019-10-13 19:35:29.194046');
INSERT INTO django_migrations VALUES(23,'teacherview','0004_auto_20191014_0157','2019-10-13 20:27:21.208878');
INSERT INTO django_migrations VALUES(24,'teacherview','0005_auto_20191017_1331','2019-10-17 08:01:48.941254');
INSERT INTO django_migrations VALUES(25,'teacherview','0006_subevents_category','2019-10-17 08:38:31.744516');
INSERT INTO django_migrations VALUES(26,'teacherview','0007_status','2019-10-17 09:34:27.742165');
INSERT INTO django_migrations VALUES(27,'teacherview','0008_auto_20191018_1503','2019-10-18 09:35:50.394462');
INSERT INTO django_migrations VALUES(28,'teacherview','0009_status_log_in_check','2019-10-19 11:27:01.823239');
INSERT INTO django_migrations VALUES(29,'teacherview','0010_remove_status_log_in_check','2019-10-19 11:38:03.555726');
INSERT INTO django_migrations VALUES(30,'teacherview','0011_status_acheivements','2019-10-19 17:20:40.649385');
INSERT INTO django_migrations VALUES(31,'teacherview','0012_auto_20191019_2239','2019-10-19 17:20:40.669585');
INSERT INTO django_migrations VALUES(32,'teacherview','0013_auto_20191019_2240','2019-10-19 17:20:40.689388');
INSERT INTO django_migrations VALUES(33,'studentview','0002_delete_registrations','2019-10-19 17:33:56.166940');
INSERT INTO django_migrations VALUES(34,'studentview','0003_registrations','2019-10-19 17:34:36.857295');
INSERT INTO django_migrations VALUES(35,'teacherview','0014_status_department','2019-10-20 18:17:28.804635');
INSERT INTO django_migrations VALUES(36,'teacherview','0015_auto_20191022_0001','2019-10-21 18:32:00.653972');
INSERT INTO django_migrations VALUES(37,'teacherview','0016_auto_20191022_0015','2019-10-21 18:45:43.518686');
INSERT INTO django_migrations VALUES(38,'studentview','0004_auto_20191022_1610','2019-10-22 10:40:15.124240');
INSERT INTO django_migrations VALUES(39,'studentview','0005_remove_registrations_acheivements','2019-10-23 10:21:46.841607');
INSERT INTO django_migrations VALUES(40,'teacherview','0017_subevents_confirmation_status','2019-10-24 15:48:00.605797');
INSERT INTO django_migrations VALUES(41,'teacherview','0018_subevents_group_size','2019-10-27 09:14:34.796982');
INSERT INTO django_migrations VALUES(42,'teacherview','0019_auto_20191027_1506','2019-10-27 09:36:42.990967');
INSERT INTO django_migrations VALUES(43,'studentview','0006_registrations_date_applied','2019-10-27 19:27:44.708808');
INSERT INTO django_migrations VALUES(44,'studentview','0007_auto_20191028_0102','2019-10-27 19:32:39.852005');
INSERT INTO django_migrations VALUES(45,'studentview','0008_auto_20191103_1244','2019-11-03 07:14:38.134778');
INSERT INTO django_migrations VALUES(46,'teacherview','0020_auto_20191103_1244','2019-11-03 07:14:38.150402');
INSERT INTO django_migrations VALUES(47,'studentview','0009_auto_20191103_1244','2019-12-12 14:17:02.427408');
INSERT INTO django_migrations VALUES(48,'studentview','0010_auto_20191212_1946','2019-12-12 14:17:02.476725');
INSERT INTO django_migrations VALUES(49,'studentview','0011_auto_20191216_1151','2019-12-16 06:21:36.707919');
INSERT INTO django_migrations VALUES(50,'studentview','0012_auto_20191216_1555','2019-12-16 10:25:28.449909');
CREATE TABLE IF NOT EXISTS "auth_group_permissions" ("id" integer NOT NULL PRIMARY KEY AUTOINCREMENT, "group_id" integer NOT NULL REFERENCES "auth_group" ("id") DEFERRABLE INITIALLY DEFERRED, "permission_id" integer NOT NULL REFERENCES "auth_permission" ("id") DEFERRABLE INITIALLY DEFERRED);
CREATE TABLE IF NOT EXISTS "auth_user_groups" ("id" integer NOT NULL PRIMARY KEY AUTOINCREMENT, "user_id" integer NOT NULL REFERENCES "auth_user" ("id") DEFERRABLE INITIALLY DEFERRED, "group_id" integer NOT NULL REFERENCES "auth_group" ("id") DEFERRABLE INITIALLY DEFERRED);
CREATE TABLE IF NOT EXISTS "auth_user_user_permissions" ("id" integer NOT NULL PRIMARY KEY AUTOINCREMENT, "user_id" integer NOT NULL REFERENCES "auth_user" ("id") DEFERRABLE INITIALLY DEFERRED, "permission_id" integer NOT NULL REFERENCES "auth_permission" ("id") DEFERRABLE INITIALLY DEFERRED);
CREATE TABLE IF NOT EXISTS "django_admin_log" ("id" integer NOT NULL PRIMARY KEY AUTOINCREMENT, "action_time" datetime NOT NULL, "object_id" text NULL, "object_repr" varchar(200) NOT NULL, "change_message" text NOT NULL, "content_type_id" integer NULL REFERENCES "django_content_type" ("id") DEFERRABLE INITIALLY DEFERRED, "user_id" integer NOT NULL REFERENCES "auth_user" ("id") DEFERRABLE INITIALLY DEFERRED, "action_flag" smallint unsigned NOT NULL CHECK ("action_flag" >= 0));
INSERT INTO django_admin_log VALUES(1,'2019-10-13 19:52:09.563756','12','Dummy Attachment 12 xyz','',1,1,3);
INSERT INTO django_admin_log VALUES(2,'2019-10-13 19:53:42.207573','13','Dummy Event 13 xyz','',1,1,3);
INSERT INTO django_admin_log VALUES(3,'2019-10-13 20:03:51.087579','14','Dummy Event 14 xyz','',1,1,3);
INSERT INTO django_admin_log VALUES(4,'2019-10-13 20:05:41.822282','15','Dummy Event 15 Vikranti Ashtikar','[{"changed": {"fields": ["teacher_incharge", "event_attachment"]}}]',1,1,2);
INSERT INTO django_admin_log VALUES(5,'2019-10-13 20:07:27.631468','6','Code Blooded Event Id: 7 Vikranti Ashtikar','[]',2,1,2);
INSERT INTO django_admin_log VALUES(6,'2019-10-13 20:19:47.212201','7','Dummy Event Event Id: 15 xyz','',2,1,3);
INSERT INTO django_admin_log VALUES(7,'2019-10-13 20:20:52.100392','8','Dummy Event 2 Event Id: 16 Vikranti Ashtikar','',2,1,3);
INSERT INTO django_admin_log VALUES(8,'2019-10-13 20:21:13.759649','15','Dummy Event 15 Vikranti Ashtikar','',1,1,3);
INSERT INTO django_admin_log VALUES(9,'2019-10-13 20:21:17.119975','16','Dummy Event 2 16 Vikranti Ashtikar','',1,1,3);
INSERT INTO django_admin_log VALUES(10,'2019-10-14 00:21:54.471404','11','Amrita NSO 11 Vikranti Ashtikar','',1,1,3);
INSERT INTO django_admin_log VALUES(11,'2019-10-14 00:25:41.201316','12','Amrita NSO 12 Vikranti Ashtikar','',1,1,3);
INSERT INTO django_admin_log VALUES(12,'2019-10-17 08:19:58.228107','2','arhammusheer','[{"added": {}}]',7,1,1);
INSERT INTO django_admin_log VALUES(13,'2019-10-17 08:20:47.018387','2','arhammusheer','[{"changed": {"fields": ["first_name", "last_name", "email"]}}]',7,1,2);
INSERT INTO django_admin_log VALUES(14,'2019-10-17 08:21:01.468667','1','aayushdani','[{"changed": {"fields": ["first_name", "last_name"]}}]',7,1,2);
INSERT INTO django_admin_log VALUES(15,'2019-10-17 09:35:52.478162','1','Status object (1)','[{"added": {}}]',10,1,1);
INSERT INTO django_admin_log VALUES(16,'2019-10-17 09:35:59.276784','2','Status object (2)','[{"added": {}}]',10,1,1);
INSERT INTO django_admin_log VALUES(17,'2019-10-17 09:37:50.479252','3','aayushdani1','[{"added": {}}]',7,1,1);
INSERT INTO django_admin_log VALUES(18,'2019-10-17 09:38:08.358501','3','aayushdani1','[{"changed": {"fields": ["first_name", "last_name", "email"]}}]',7,1,2);
INSERT INTO django_admin_log VALUES(19,'2019-10-17 09:38:24.746680','3','Aayush Dani: T','[{"added": {}}]',10,1,1);
INSERT INTO django_admin_log VALUES(20,'2019-10-18 09:22:16.635235','4','vikranti_ashtikar','[{"added": {}}]',7,1,1);
INSERT INTO django_admin_log VALUES(21,'2019-10-18 09:22:41.517431','4','vikranti_ashtikar','[{"changed": {"fields": ["first_name", "last_name", "email"]}}]',7,1,2);
INSERT INTO django_admin_log VALUES(22,'2019-10-18 09:22:54.462505','4','Vikranti Ashtikar: T','[{"added": {}}]',10,1,1);
INSERT INTO django_admin_log VALUES(23,'2019-10-18 09:23:24.630475','5','rupinder_kaur','[{"added": {}}]',7,1,1);
INSERT INTO django_admin_log VALUES(24,'2019-10-18 09:23:43.080846','5','rupinder_kaur','[{"changed": {"fields": ["first_name", "last_name", "email"]}}]',7,1,2);
INSERT INTO django_admin_log VALUES(25,'2019-10-18 09:23:53.686668','5','Rupinder Kaur: T','[{"added": {}}]',10,1,1);
INSERT INTO django_admin_log VALUES(26,'2019-10-18 09:24:59.026421','14','IIMUN 2019 14 Vijaylakshmi V','[{"changed": {"fields": ["teacher_incharge"]}}]',1,1,2);
INSERT INTO django_admin_log VALUES(27,'2019-10-18 09:25:11.490182','8','SC Event Id: 14 Vijaylakshmi V','[{"changed": {"fields": ["subevent_teacher_incharge"]}}]',2,1,2);
INSERT INTO django_admin_log VALUES(28,'2019-10-18 09:26:32.232038','6','vijaylakshmi_v','[{"added": {}}]',7,1,1);
INSERT INTO django_admin_log VALUES(29,'2019-10-18 09:26:51.953516','6','vijaylakshmi_v','[{"changed": {"fields": ["first_name", "last_name", "email"]}}]',7,1,2);
INSERT INTO django_admin_log VALUES(30,'2019-10-18 09:27:01.333973','6','Vijaylakshmi V: T','[{"added": {}}]',10,1,1);
INSERT INTO django_admin_log VALUES(31,'2019-10-18 09:27:27.826508','7','ambica_vijayan','[{"added": {}}]',7,1,1);
INSERT INTO django_admin_log VALUES(32,'2019-10-18 09:27:49.798243','7','ambica_vijayan','[{"changed": {"fields": ["first_name", "last_name", "email"]}}]',7,1,2);
INSERT INTO django_admin_log VALUES(33,'2019-10-18 09:27:59.613066','7','Ambica Vijayan: T','[{"added": {}}]',10,1,1);
INSERT INTO django_admin_log VALUES(34,'2019-10-18 09:37:24.237580','1','NPSK Hackathon 1 Vikranti Ashtikar','[{"changed": {"fields": ["teacher_incharge_id"]}}]',1,1,2);
INSERT INTO django_admin_log VALUES(35,'2019-10-18 09:37:31.562124','16','Dummy Fest 16 Vikranti Ashtikar','[{"changed": {"fields": ["teacher_incharge_id"]}}]',1,1,2);
INSERT INTO django_admin_log VALUES(36,'2019-10-18 09:37:38.513140','14','IIMUN 2019 14 Vijaylakshmi V','[{"changed": {"fields": ["teacher_incharge_id"]}}]',1,1,2);
INSERT INTO django_admin_log VALUES(37,'2019-10-18 09:37:54.750934','10','Invictus 2020 10 Ambica Vijayan','[{"changed": {"fields": ["teacher_incharge_id", "event_attachment"]}}]',1,1,2);
INSERT INTO django_admin_log VALUES(38,'2019-10-18 09:38:12.853459','9','DNMUN 2019 9 Vijaylakshmi V','[{"changed": {"fields": ["teacher_incharge_id", "event_attachment"]}}]',1,1,2);
INSERT INTO django_admin_log VALUES(39,'2019-10-18 09:38:28.496458','2','Hysteria 2 Priya Palsule','[{"changed": {"fields": ["teacher_incharge_id", "event_attachment"]}}]',1,1,2);
INSERT INTO django_admin_log VALUES(40,'2019-10-18 09:38:44.956115','7','The Amateur Scientist 7 Rupinder Kaur','[{"changed": {"fields": ["teacher_incharge_id", "event_attachment"]}}]',1,1,2);
INSERT INTO django_admin_log VALUES(41,'2019-10-18 09:39:17.874231','11','NPSK Hackathon Event Id: 1 Vikranti Ashtikar','[{"changed": {"fields": ["subevent_teacher_incharge_id"]}}]',2,1,2);
INSERT INTO django_admin_log VALUES(42,'2019-10-18 09:39:25.142440','8','SC Event Id: 14 Vijaylakshmi V','[{"changed": {"fields": ["subevent_teacher_incharge_id"]}}]',2,1,2);
INSERT INTO django_admin_log VALUES(43,'2019-10-18 09:39:32.741428','6','Code Blooded Event Id: 7 Vikranti Ashtikar','[{"changed": {"fields": ["subevent_teacher_incharge_id"]}}]',2,1,2);
INSERT INTO django_admin_log VALUES(44,'2019-10-18 09:39:42.803286','5','Enigma Event Id: 7 Manaswani Shah','[{"changed": {"fields": ["subevent_teacher_incharge_id"]}}]',2,1,2);
INSERT INTO django_admin_log VALUES(45,'2019-10-18 09:39:52.113176','4','Security Council Event Id: 9 Vijaylakshmi V','[{"changed": {"fields": ["subevent_teacher_incharge_id"]}}]',2,1,2);
INSERT INTO django_admin_log VALUES(46,'2019-10-18 09:40:00.282543','2','Hysteria Event Id: 2 Priya Palsule','[{"changed": {"fields": ["subevent_teacher_incharge_id"]}}]',2,1,2);
INSERT INTO django_admin_log VALUES(47,'2019-10-19 15:06:49.054167','8','arhammusheer1','[{"added": {}}]',7,1,1);
INSERT INTO django_admin_log VALUES(48,'2019-10-19 15:07:00.523614','8',' : T','[{"added": {}}]',10,1,1);
INSERT INTO django_admin_log VALUES(49,'2019-10-19 15:07:06.680087','8',' : T','[]',10,1,2);
INSERT INTO django_admin_log VALUES(50,'2019-10-19 15:07:22.711296','8','arhammusheer1','[{"changed": {"fields": ["first_name", "last_name"]}}]',7,1,2);
INSERT INTO django_admin_log VALUES(51,'2019-10-19 17:18:55.548090','31','Kashyap Servan 1 31','',3,1,3);
INSERT INTO django_admin_log VALUES(52,'2019-10-19 17:18:55.565590','30','Rohit Verma 1 30','',3,1,3);
INSERT INTO django_admin_log VALUES(53,'2019-10-19 17:18:55.572562','29','Nandini Sharma 1 29','',3,1,3);
INSERT INTO django_admin_log VALUES(54,'2019-10-19 17:18:55.580541','28','Manish Sharna 1 28','',3,1,3);
INSERT INTO django_admin_log VALUES(55,'2019-10-19 17:18:55.586524','27','Vedant Agarwal 1 27','',3,1,3);
INSERT INTO django_admin_log VALUES(56,'2019-10-19 17:18:55.593506','26','25 7 26','',3,1,3);
INSERT INTO django_admin_log VALUES(57,'2019-10-19 17:18:55.600490','25','24 7 25','',3,1,3);
INSERT INTO django_admin_log VALUES(58,'2019-10-19 17:18:55.607469','24','23 7 24','',3,1,3);
INSERT INTO django_admin_log VALUES(59,'2019-10-19 17:18:55.614450','23','22 7 23','',3,1,3);
INSERT INTO django_admin_log VALUES(60,'2019-10-19 17:18:55.621432','22','21 7 22','',3,1,3);
INSERT INTO django_admin_log VALUES(61,'2019-10-19 17:18:55.630408','21','20 7 21','',3,1,3);
INSERT INTO django_admin_log VALUES(62,'2019-10-19 17:18:55.637389','20','19 7 20','',3,1,3);
INSERT INTO django_admin_log VALUES(63,'2019-10-19 17:18:55.645367','19','18 7 19','',3,1,3);
INSERT INTO django_admin_log VALUES(64,'2019-10-19 17:18:55.652352','18','17 7 18','',3,1,3);
INSERT INTO django_admin_log VALUES(65,'2019-10-19 17:18:55.659330','17','16 7 17','',3,1,3);
INSERT INTO django_admin_log VALUES(66,'2019-10-19 17:18:55.665314','16','15 7 16','',3,1,3);
INSERT INTO django_admin_log VALUES(67,'2019-10-19 17:18:55.672296','15','14 7 15','',3,1,3);
INSERT INTO django_admin_log VALUES(68,'2019-10-19 17:18:55.678281','14','13 7 14','',3,1,3);
INSERT INTO django_admin_log VALUES(69,'2019-10-19 17:18:55.684263','13','12 7 13','',3,1,3);
INSERT INTO django_admin_log VALUES(70,'2019-10-19 17:18:55.690249','12','11 7 12','',3,1,3);
INSERT INTO django_admin_log VALUES(71,'2019-10-19 17:18:55.695235','11','10 7 11','',3,1,3);
INSERT INTO django_admin_log VALUES(72,'2019-10-19 17:18:55.701234','10','9 7 10','',3,1,3);
INSERT INTO django_admin_log VALUES(73,'2019-10-19 17:18:55.706206','9','8 7 9','',3,1,3);
INSERT INTO django_admin_log VALUES(74,'2019-10-19 17:18:55.712190','8','7 7 8','',3,1,3);
INSERT INTO django_admin_log VALUES(75,'2019-10-19 17:18:55.718173','7','6 7 7','',3,1,3);
INSERT INTO django_admin_log VALUES(76,'2019-10-19 17:18:55.724157','6','5 7 6','',3,1,3);
INSERT INTO django_admin_log VALUES(77,'2019-10-19 17:18:55.729146','5','4 7 5','',3,1,3);
INSERT INTO django_admin_log VALUES(78,'2019-10-19 17:18:55.736125','4','3 7 4','',3,1,3);
INSERT INTO django_admin_log VALUES(79,'2019-10-19 17:18:55.742109','3','2 7 3','',3,1,3);
INSERT INTO django_admin_log VALUES(80,'2019-10-19 17:18:55.747095','2','1 7 2','',3,1,3);
INSERT INTO django_admin_log VALUES(81,'2019-10-19 17:18:55.753080','1','Aayush Dani 1 1','',3,1,3);
INSERT INTO django_admin_log VALUES(82,'2019-10-19 17:38:59.024333','9','nandini_deepak','[{"added": {}}]',7,1,1);
INSERT INTO django_admin_log VALUES(83,'2019-10-19 17:39:21.606168','9','nandini_deepak','[{"changed": {"fields": ["first_name", "last_name", "email"]}}]',7,1,2);
INSERT INTO django_admin_log VALUES(84,'2019-10-19 17:39:44.729113','9','Nandini Deepak: S','[{"added": {}}]',10,1,1);
INSERT INTO django_admin_log VALUES(85,'2019-10-19 17:40:03.881341','9','Nandini Deepak: S','[{"changed": {"fields": ["acheivements"]}}]',10,1,2);
INSERT INTO django_admin_log VALUES(86,'2019-10-19 17:43:30.664740','10','dhananjayan_pn','[{"added": {}}]',7,1,1);
INSERT INTO django_admin_log VALUES(87,'2019-10-19 17:43:46.700124','10','dhananjayan_pn','[{"changed": {"fields": ["first_name", "last_name", "email"]}}]',7,1,2);
INSERT INTO django_admin_log VALUES(88,'2019-10-19 17:45:08.732246','11','first_name','[{"added": {}}]',7,1,1);
INSERT INTO django_admin_log VALUES(89,'2019-10-19 17:45:23.886583','11','first_name','[{"changed": {"fields": ["first_name", "last_name", "email"]}}]',7,1,2);
INSERT INTO django_admin_log VALUES(90,'2019-10-19 17:46:35.566744','12','second_name','[{"added": {}}]',7,1,1);
INSERT INTO django_admin_log VALUES(91,'2019-10-19 17:46:48.888630','12','second_name','[{"changed": {"fields": ["first_name", "last_name", "email"]}}]',7,1,2);
INSERT INTO django_admin_log VALUES(92,'2019-10-19 17:53:26.637527','13','1','[{"changed": {"fields": ["first_name"]}}]',7,1,2);
INSERT INTO django_admin_log VALUES(93,'2019-10-19 17:53:36.022363','22','10','[{"changed": {"fields": ["first_name"]}}]',7,1,2);
INSERT INTO django_admin_log VALUES(94,'2019-10-19 17:53:42.568330','23','11','[{"changed": {"fields": ["first_name"]}}]',7,1,2);
INSERT INTO django_admin_log VALUES(95,'2019-10-19 17:53:47.653089','24','12','[{"changed": {"fields": ["first_name"]}}]',7,1,2);
INSERT INTO django_admin_log VALUES(96,'2019-10-19 17:53:53.317713','25','13','[{"changed": {"fields": ["first_name"]}}]',7,1,2);
INSERT INTO django_admin_log VALUES(97,'2019-10-19 17:53:59.851473','26','14','[{"changed": {"fields": ["first_name"]}}]',7,1,2);
INSERT INTO django_admin_log VALUES(98,'2019-10-19 17:54:05.899261','27','15','[{"changed": {"fields": ["first_name"]}}]',7,1,2);
INSERT INTO django_admin_log VALUES(99,'2019-10-19 17:54:13.145517','28','16','[{"changed": {"fields": ["first_name"]}}]',7,1,2);
INSERT INTO django_admin_log VALUES(100,'2019-10-19 17:54:22.539289','29','17','[{"changed": {"fields": ["first_name"]}}]',7,1,2);
INSERT INTO django_admin_log VALUES(101,'2019-10-19 17:54:30.283339','30','18','[{"changed": {"fields": ["first_name"]}}]',7,1,2);
INSERT INTO django_admin_log VALUES(102,'2019-10-19 17:54:40.245077','31','19','[{"changed": {"fields": ["first_name"]}}]',7,1,2);
INSERT INTO django_admin_log VALUES(103,'2019-10-19 17:54:48.407324','14','2','[{"changed": {"fields": ["first_name"]}}]',7,1,2);
INSERT INTO django_admin_log VALUES(104,'2019-10-19 17:54:53.889587','15','3','[{"changed": {"fields": ["first_name"]}}]',7,1,2);
INSERT INTO django_admin_log VALUES(105,'2019-10-19 17:55:00.081597','16','4','[{"changed": {"fields": ["first_name"]}}]',7,1,2);
INSERT INTO django_admin_log VALUES(106,'2019-10-19 17:55:06.928473','17','5','[{"changed": {"fields": ["first_name"]}}]',7,1,2);
INSERT INTO django_admin_log VALUES(107,'2019-10-19 17:55:13.425634','18','6','[{"changed": {"fields": ["first_name"]}}]',7,1,2);
INSERT INTO django_admin_log VALUES(108,'2019-10-19 17:55:20.614752','19','7','[{"changed": {"fields": ["first_name"]}}]',7,1,2);
INSERT INTO django_admin_log VALUES(109,'2019-10-19 17:55:26.843266','20','8','[{"changed": {"fields": ["first_name"]}}]',7,1,2);
INSERT INTO django_admin_log VALUES(110,'2019-10-19 17:55:34.085074','21','9','[{"changed": {"fields": ["first_name"]}}]',7,1,2);
INSERT INTO django_admin_log VALUES(111,'2019-10-20 12:15:13.497888','32','samay_gupta','[{"added": {}}]',7,1,1);
INSERT INTO django_admin_log VALUES(112,'2019-10-20 12:16:03.066708','32','samay_gupta','[{"changed": {"fields": ["first_name", "last_name", "email"]}}]',7,1,2);
INSERT INTO django_admin_log VALUES(113,'2019-10-20 12:16:18.131846','10','Samay Gupta: T','[{"added": {}}]',10,1,1);
INSERT INTO django_admin_log VALUES(114,'2019-10-21 11:27:18.451635','33','pn_djay','[{"added": {}}]',7,1,1);
INSERT INTO django_admin_log VALUES(115,'2019-10-21 11:27:42.232619','33','pn_djay','[{"changed": {"fields": ["first_name", "last_name", "email"]}}]',7,1,2);
INSERT INTO django_admin_log VALUES(116,'2019-10-21 11:28:09.073560','11','Dhananjayan PN: S','[{"added": {}}]',10,1,1);
INSERT INTO django_admin_log VALUES(117,'2019-10-21 11:28:19.167073','10','Samay Gupta: T','',10,1,3);
INSERT INTO django_admin_log VALUES(118,'2019-10-21 11:30:33.620290','11','Dhananjayan PN: T','[{"changed": {"fields": ["status"]}}]',10,1,2);
INSERT INTO django_admin_log VALUES(119,'2019-10-21 17:45:28.801515','8','arhammusheer1','[{"changed": {"fields": ["email"]}}]',7,1,2);
INSERT INTO django_admin_log VALUES(120,'2019-10-21 18:06:06.992720','2','arhammusheer','',7,1,3);
INSERT INTO django_admin_log VALUES(121,'2019-10-21 18:09:53.282403','17','Sample Event 1 17 Arham Musheer','',1,1,3);
INSERT INTO django_admin_log VALUES(122,'2019-10-21 18:12:52.128315','14','Sample Event 1 Event Id: 18 Arham Musheer','',2,1,3);
INSERT INTO django_admin_log VALUES(123,'2019-10-21 18:25:58.351388','19','Sample Event 2 19 Arham Musheer','',1,1,3);
INSERT INTO django_admin_log VALUES(124,'2019-10-21 18:26:10.458224','16','Sample Event 2 Event Id: 19 Arham Musheer','',2,1,3);
INSERT INTO django_admin_log VALUES(125,'2019-10-21 18:47:36.477656','11','NPSK Hackathon Event Id: 1 Vikranti Ashtikar','[{"changed": {"fields": ["total_registrations"]}}]',2,1,2);
INSERT INTO django_admin_log VALUES(126,'2019-10-21 18:47:46.558160','6','Code Blooded Event Id: 7 Vikranti Ashtikar','[{"changed": {"fields": ["total_registrations"]}}]',2,1,2);
INSERT INTO django_admin_log VALUES(127,'2019-10-21 19:13:30.227564','1','Aayush Dani: M','[{"changed": {"fields": ["status", "acheivements"]}}]',10,1,2);
INSERT INTO django_admin_log VALUES(128,'2019-10-21 21:06:31.142594','3','aayushdani1','[{"changed": {"fields": ["email"]}}]',7,1,2);
INSERT INTO django_admin_log VALUES(129,'2019-10-22 10:09:50.037714','34','sanajayan_pn','[{"added": {}}]',7,1,1);
INSERT INTO django_admin_log VALUES(130,'2019-10-22 10:10:16.018257','34','sanajayan_pn','[{"changed": {"fields": ["first_name", "last_name", "email"]}}]',7,1,2);
INSERT INTO django_admin_log VALUES(131,'2019-10-22 10:10:36.570553','12','Sananjayan PN: S','[{"added": {}}]',10,1,1);
INSERT INTO django_admin_log VALUES(132,'2019-10-22 10:17:57.845502','32','samay_gupta','',7,1,3);
INSERT INTO django_admin_log VALUES(133,'2019-10-22 18:40:05.443702','13','1 Name: S','[{"added": {}}]',10,1,1);
INSERT INTO django_admin_log VALUES(134,'2019-10-22 18:40:32.238913','9','Nandini Deepak: S','[{"changed": {"fields": ["acheivements", "department"]}}]',10,1,2);
INSERT INTO django_admin_log VALUES(135,'2019-10-22 18:41:02.992476','14','10 Name: S','[{"added": {}}]',10,1,1);
INSERT INTO django_admin_log VALUES(136,'2019-10-22 18:41:30.955870','15','Dhananjayan PN: A','[{"added": {}}]',10,1,1);
INSERT INTO django_admin_log VALUES(137,'2019-10-22 18:41:40.454993','15','Dhananjayan PN: A','',10,1,3);
INSERT INTO django_admin_log VALUES(138,'2019-10-22 18:42:20.188843','16','5 Name: S','[{"added": {}}]',10,1,1);
INSERT INTO django_admin_log VALUES(139,'2019-10-22 18:43:01.264427','17','6 Name: S','[{"added": {}}]',10,1,1);
INSERT INTO django_admin_log VALUES(140,'2019-10-23 10:25:54.122718','11','NPSK Hackathon Event Id: 1 Vikranti Ashtikar','[{"changed": {"fields": ["total_registrations"]}}]',2,1,2);
INSERT INTO django_admin_log VALUES(141,'2019-10-23 10:27:35.758678','11','NPSK Hackathon Event Id: 1 Vikranti Ashtikar','[{"changed": {"fields": ["total_registrations"]}}]',2,1,2);
INSERT INTO django_admin_log VALUES(142,'2019-10-24 16:10:54.122093','11','NPSK Hackathon Event Id: 1 Vikranti Ashtikar','[]',2,1,2);
INSERT INTO django_admin_log VALUES(143,'2019-10-24 17:48:01.165168','11','NPSK Hackathon Event Id: 1 Vikranti Ashtikar','[{"changed": {"fields": ["confirmation_status"]}}]',2,1,2);
INSERT INTO django_admin_log VALUES(144,'2019-10-24 18:00:25.615790','2','Hysteria Event Id: 2 Priya Palsule','[{"changed": {"fields": ["confirmation_status"]}}]',2,1,2);
INSERT INTO django_admin_log VALUES(145,'2019-10-24 18:00:59.653174','2','Hysteria Event Id: 2 Priya Palsule','[{"changed": {"fields": ["confirmation_status"]}}]',2,1,2);
INSERT INTO django_admin_log VALUES(146,'2019-10-27 09:46:28.199720','19','Question Mark Event Id: 10 Ambica Vijayan','[{"changed": {"fields": ["group_size"]}}]',2,1,2);
INSERT INTO django_admin_log VALUES(147,'2019-10-27 09:46:33.779875','18','Hallelujah Event Id: 21 Vikranti Ashtikar','[{"changed": {"fields": ["group_size"]}}]',2,1,2);
INSERT INTO django_admin_log VALUES(148,'2019-10-27 09:46:39.346664','17','Sample Event 2 Event Id: 20 Arham Musheer','[{"changed": {"fields": ["group_size"]}}]',2,1,2);
INSERT INTO django_admin_log VALUES(149,'2019-10-27 09:46:46.088199','15','Sample Event 1 Event Id: 18 Arham Musheer','[{"changed": {"fields": ["group_size"]}}]',2,1,2);
INSERT INTO django_admin_log VALUES(150,'2019-10-27 09:46:58.400404','11','NPSK Hackathon Event Id: 1 Vikranti Ashtikar','[{"changed": {"fields": ["group_size"]}}]',2,1,2);
INSERT INTO django_admin_log VALUES(151,'2019-10-27 09:47:04.421301','8','SC Event Id: 14 Vijaylakshmi V','[{"changed": {"fields": ["group_size"]}}]',2,1,2);
INSERT INTO django_admin_log VALUES(152,'2019-10-27 09:47:14.550021','6','Code Blooded Event Id: 7 Vikranti Ashtikar','[{"changed": {"fields": ["group_size"]}}]',2,1,2);
INSERT INTO django_admin_log VALUES(153,'2019-10-27 09:47:19.693987','5','Enigma Event Id: 7 Manaswani Shah','[{"changed": {"fields": ["group_size"]}}]',2,1,2);
INSERT INTO django_admin_log VALUES(154,'2019-10-27 09:47:26.040494','4','Security Council Event Id: 9 Vijaylakshmi V','[{"changed": {"fields": ["group_size"]}}]',2,1,2);
INSERT INTO django_admin_log VALUES(155,'2019-11-02 13:56:15.851322','9','Nandini Deepak: S','[{"changed": {"fields": ["acheivements"]}}]',10,1,2);
INSERT INTO django_admin_log VALUES(156,'2019-11-02 14:34:40.464508','9','Nandini Deepak: S','[{"changed": {"fields": ["acheivements"]}}]',10,1,2);
INSERT INTO django_admin_log VALUES(157,'2019-11-02 14:36:24.690243','9','Nandini Deepak: S','[{"changed": {"fields": ["acheivements"]}}]',10,1,2);
INSERT INTO django_admin_log VALUES(158,'2019-11-02 14:48:09.015772','9','Nandini Deepak: S','[{"changed": {"fields": ["acheivements"]}}]',10,1,2);
INSERT INTO django_admin_log VALUES(159,'2019-11-02 14:50:44.101489','9','Nandini Deepak: S','[{"changed": {"fields": ["acheivements"]}}]',10,1,2);
INSERT INTO django_admin_log VALUES(160,'2019-11-02 14:53:39.856046','9','Nandini Deepak: S','[{"changed": {"fields": ["acheivements"]}}]',10,1,2);
INSERT INTO django_admin_log VALUES(161,'2019-11-02 14:54:43.159733','9','Nandini Deepak: S','[{"changed": {"fields": ["acheivements"]}}]',10,1,2);
INSERT INTO django_admin_log VALUES(162,'2019-11-03 06:55:21.949089','9','Nandini Deepak: S','[{"changed": {"fields": ["acheivements"]}}]',10,1,2);
INSERT INTO django_admin_log VALUES(163,'2019-11-03 06:56:55.328298','9','Nandini Deepak: S','[{"changed": {"fields": ["acheivements"]}}]',10,1,2);
INSERT INTO django_admin_log VALUES(164,'2019-11-03 14:09:13.398340','9','Nandini Deepak: S','[{"changed": {"fields": ["achievements"]}}]',10,1,2);
INSERT INTO django_admin_log VALUES(165,'2019-11-04 05:03:14.282518','9','Nandini Deepak: S','[]',10,1,2);
INSERT INTO django_admin_log VALUES(166,'2019-11-04 05:15:18.432930','9','Nandini Deepak: S','[{"changed": {"fields": ["achievements"]}}]',10,1,2);
INSERT INTO django_admin_log VALUES(167,'2019-11-04 05:17:30.276997','9','Nandini Deepak: S','[{"changed": {"fields": ["achievements"]}}]',10,1,2);
INSERT INTO django_admin_log VALUES(168,'2019-11-04 05:20:22.983327','9','Nandini Deepak: S','[{"changed": {"fields": ["achievements"]}}]',10,1,2);
INSERT INTO django_admin_log VALUES(169,'2019-11-04 10:41:21.141469','35','arhammusheer','[{"added": {}}]',7,1,1);
INSERT INTO django_admin_log VALUES(170,'2019-11-04 10:41:45.392270','35','arhammusheer','[{"changed": {"fields": ["first_name", "last_name", "email"]}}]',7,1,2);
INSERT INTO django_admin_log VALUES(171,'2019-11-04 10:43:47.373180','35','arhammusheer123','[{"changed": {"fields": ["username"]}}]',7,1,2);
INSERT INTO django_admin_log VALUES(172,'2019-11-04 10:45:39.454598','8','arhammusheer1','',7,1,3);
INSERT INTO django_admin_log VALUES(173,'2019-11-04 10:46:07.436010','36','arham_teacher','[{"added": {}}]',7,1,1);
INSERT INTO django_admin_log VALUES(174,'2019-11-04 10:47:33.619989','36','arham_teacher','[{"changed": {"fields": ["first_name", "last_name", "email"]}}]',7,1,2);
INSERT INTO django_admin_log VALUES(175,'2019-11-04 10:51:03.086289','18','Arham Musheer: T','[{"added": {}}]',10,1,1);
INSERT INTO django_admin_log VALUES(176,'2019-11-04 10:51:20.959684','19','arham teacher: T','[{"added": {}}]',10,1,1);
INSERT INTO django_admin_log VALUES(177,'2019-11-04 10:51:40.328026','18','Arham Musheer: S','[{"changed": {"fields": ["status", "achievements", "department"]}}]',10,1,2);
INSERT INTO django_admin_log VALUES(178,'2019-12-12 21:33:03.060793','22','Testing Teacher Validation 22 Vikranti Ashiktar','[{"changed": {"fields": ["teacher_incharge"]}}]',1,1,2);
INSERT INTO django_admin_log VALUES(179,'2019-12-13 05:13:42.970555','20','Help Me Help You Event Id: 22 Vikranti Ashtikar','[{"changed": {"fields": ["subevent_teacher_incharge", "subevent_teacher_incharge_id"]}}]',2,1,2);
INSERT INTO django_admin_log VALUES(180,'2019-12-13 06:14:33.910641','28','Nandini Deepak 2 28','[{"added": {}}]',3,1,1);
INSERT INTO django_admin_log VALUES(181,'2019-12-16 11:56:25.796620','8','SC Event Id: 14 Vijaylakshmi V','[{"changed": {"fields": ["subevent_type", "group_size"]}}]',2,1,2);
INSERT INTO django_admin_log VALUES(182,'2019-12-16 12:22:20.435141','29','Nandini Deepak 14 29','[{"changed": {"fields": ["reg_status", "event_type"]}}]',3,1,2);
INSERT INTO django_admin_log VALUES(183,'2019-12-16 12:32:13.208184','31','Nandini Deepak 14 31','',3,1,3);
INSERT INTO django_admin_log VALUES(184,'2019-12-16 12:32:13.270255','30','Nandini Deepak 14 30','',3,1,3);
INSERT INTO django_admin_log VALUES(185,'2019-12-27 16:48:42.230727','20','Help Me Help You Event Id: 22 Vikranti Ashtikar','[{"changed": {"fields": ["subevent_type", "group_size"]}}]',2,1,2);
INSERT INTO django_admin_log VALUES(186,'2020-01-06 00:30:02.279091','20','Help Me Help You Event Id: 22 Vikranti Ashtikar','[{"changed": {"fields": ["subevent_dates"]}}]',2,1,2);
INSERT INTO django_admin_log VALUES(187,'2020-01-06 01:17:00.529176','34','Nandini Deepak 22 34','',3,1,3);
INSERT INTO django_admin_log VALUES(188,'2020-01-06 01:28:08.653651','22','Testing Teacher Validation 22 Vikranti Ashiktar','[{"changed": {"fields": ["event_dates"]}}]',1,1,2);
INSERT INTO django_admin_log VALUES(189,'2020-01-06 16:07:24.355328','20','Help Me Help You Event Id: 22 Vikranti Ashtikar','[{"changed": {"fields": ["confirmation_status"]}}]',2,1,2);
INSERT INTO django_admin_log VALUES(190,'2020-01-06 16:08:02.836174','20','Help Me Help You Event Id: 22 Vikranti Ashtikar','[{"changed": {"fields": ["confirmation_status"]}}]',2,1,2);
INSERT INTO django_admin_log VALUES(191,'2020-01-06 16:12:15.931310','20','Help Me Help You Event Id: 22 Vikranti Ashtikar','[{"changed": {"fields": ["confirmation_status"]}}]',2,1,2);
INSERT INTO django_admin_log VALUES(192,'2020-01-06 19:33:56.105285','20','Help Me Help You Event Id: 22 Vikranti Ashtikar','[{"changed": {"fields": ["confirmation_status"]}}]',2,1,2);
CREATE TABLE IF NOT EXISTS "django_content_type" ("id" integer NOT NULL PRIMARY KEY AUTOINCREMENT, "app_label" varchar(100) NOT NULL, "model" varchar(100) NOT NULL);
INSERT INTO django_content_type VALUES(1,'teacherview','events');
INSERT INTO django_content_type VALUES(2,'teacherview','subevents');
INSERT INTO django_content_type VALUES(3,'studentview','registrations');
INSERT INTO django_content_type VALUES(4,'admin','logentry');
INSERT INTO django_content_type VALUES(5,'auth','permission');
INSERT INTO django_content_type VALUES(6,'auth','group');
INSERT INTO django_content_type VALUES(7,'auth','user');
INSERT INTO django_content_type VALUES(8,'contenttypes','contenttype');
INSERT INTO django_content_type VALUES(9,'sessions','session');
INSERT INTO django_content_type VALUES(10,'teacherview','status');
CREATE TABLE IF NOT EXISTS "auth_permission" ("id" integer NOT NULL PRIMARY KEY AUTOINCREMENT, "content_type_id" integer NOT NULL REFERENCES "django_content_type" ("id") DEFERRABLE INITIALLY DEFERRED, "codename" varchar(100) NOT NULL, "name" varchar(255) NOT NULL);
INSERT INTO auth_permission VALUES(1,1,'add_events','Can add events');
INSERT INTO auth_permission VALUES(2,1,'change_events','Can change events');
INSERT INTO auth_permission VALUES(3,1,'delete_events','Can delete events');
INSERT INTO auth_permission VALUES(4,1,'view_events','Can view events');
INSERT INTO auth_permission VALUES(5,2,'add_subevents','Can add sub events');
INSERT INTO auth_permission VALUES(6,2,'change_subevents','Can change sub events');
INSERT INTO auth_permission VALUES(7,2,'delete_subevents','Can delete sub events');
INSERT INTO auth_permission VALUES(8,2,'view_subevents','Can view sub events');
INSERT INTO auth_permission VALUES(9,3,'add_registrations','Can add registrations');
INSERT INTO auth_permission VALUES(10,3,'change_registrations','Can change registrations');
INSERT INTO auth_permission VALUES(11,3,'delete_registrations','Can delete registrations');
INSERT INTO auth_permission VALUES(12,3,'view_registrations','Can view registrations');
INSERT INTO auth_permission VALUES(13,4,'add_logentry','Can add log entry');
INSERT INTO auth_permission VALUES(14,4,'change_logentry','Can change log entry');
INSERT INTO auth_permission VALUES(15,4,'delete_logentry','Can delete log entry');
INSERT INTO auth_permission VALUES(16,4,'view_logentry','Can view log entry');
INSERT INTO auth_permission VALUES(17,5,'add_permission','Can add permission');
INSERT INTO auth_permission VALUES(18,5,'change_permission','Can change permission');
INSERT INTO auth_permission VALUES(19,5,'delete_permission','Can delete permission');
INSERT INTO auth_permission VALUES(20,5,'view_permission','Can view permission');
INSERT INTO auth_permission VALUES(21,6,'add_group','Can add group');
INSERT INTO auth_permission VALUES(22,6,'change_group','Can change group');
INSERT INTO auth_permission VALUES(23,6,'delete_group','Can delete group');
INSERT INTO auth_permission VALUES(24,6,'view_group','Can view group');
INSERT INTO auth_permission VALUES(25,7,'add_user','Can add user');
INSERT INTO auth_permission VALUES(26,7,'change_user','Can change user');
INSERT INTO auth_permission VALUES(27,7,'delete_user','Can delete user');
INSERT INTO auth_permission VALUES(28,7,'view_user','Can view user');
INSERT INTO auth_permission VALUES(29,8,'add_contenttype','Can add content type');
INSERT INTO auth_permission VALUES(30,8,'change_contenttype','Can change content type');
INSERT INTO auth_permission VALUES(31,8,'delete_contenttype','Can delete content type');
INSERT INTO auth_permission VALUES(32,8,'view_contenttype','Can view content type');
INSERT INTO auth_permission VALUES(33,9,'add_session','Can add session');
INSERT INTO auth_permission VALUES(34,9,'change_session','Can change session');
INSERT INTO auth_permission VALUES(35,9,'delete_session','Can delete session');
INSERT INTO auth_permission VALUES(36,9,'view_session','Can view session');
INSERT INTO auth_permission VALUES(37,10,'add_status','Can add status');
INSERT INTO auth_permission VALUES(38,10,'change_status','Can change status');
INSERT INTO auth_permission VALUES(39,10,'delete_status','Can delete status');
INSERT INTO auth_permission VALUES(40,10,'view_status','Can view status');
CREATE TABLE IF NOT EXISTS "auth_user" ("id" integer NOT NULL PRIMARY KEY AUTOINCREMENT, "password" varchar(128) NOT NULL, "last_login" datetime NULL, "is_superuser" bool NOT NULL, "username" varchar(150) NOT NULL UNIQUE, "first_name" varchar(30) NOT NULL, "email" varchar(254) NOT NULL, "is_staff" bool NOT NULL, "is_active" bool NOT NULL, "date_joined" datetime NOT NULL, "last_name" varchar(150) NOT NULL);
INSERT INTO auth_user VALUES(1,'pbkdf2_sha256$150000$C0h6NA1TiuSN$f6ngIq3IM8qW4kBNYXIT3AqqSRh+9LPY8J8m/F0XZr8=','2020-01-06 19:30:37.563986',1,'aayushdani','Aayush','aayushdani1@gmail.com',1,1,'2019-10-13 19:51:32','Dani');
INSERT INTO auth_user VALUES(3,'pbkdf2_sha256$150000$3Z2XBiTVpTvB$8+JlIGL2z+CuW3J3i7LObEWZO8QV5D9og5trh/OIFv0=','2019-10-18 19:52:10',0,'aayushdani1','Aayush','aayushdani01@gmail.com',0,1,'2019-10-17 09:37:49','Dani');
INSERT INTO auth_user VALUES(4,'pbkdf2_sha256$150000$6n4IzLE80pXX$echml2M+kOTG2hl5XyP7EYLlgWYy2vl89zBpeeU5Mn0=','2019-10-20 11:31:29.996440',0,'vikranti_ashtikar','Vikranti','vikrant.ashtikar@gmail.com',0,1,'2019-10-18 09:22:16','Ashtikar');
INSERT INTO auth_user VALUES(5,'pbkdf2_sha256$150000$GPylYgactvWW$7xGXyyZGpSWxovtPpy8yi65+vAjK/SyQRLguX6kx7Qw=',NULL,0,'rupinder_kaur','Rupinder','rup_kaur@gmail.com',0,1,'2019-10-18 09:23:24','Kaur');
INSERT INTO auth_user VALUES(6,'pbkdf2_sha256$150000$d9IqoblyIboo$JuemQEjW/9SczUzycn6JF2Uai7tS/QKj+LLUZ9yTk64=','2019-10-18 09:47:26.490787',0,'vijaylakshmi_v','Vijaylakshmi','vijaylakshmi.v@gmail.com',0,1,'2019-10-18 09:26:31','V');
INSERT INTO auth_user VALUES(7,'pbkdf2_sha256$150000$nmww6ZAXW1Pg$LZiFJRFwkBrUKiDts48P4OW16LLu5IhPpW0beY1CC3U=','2019-10-20 07:41:59.823286',0,'ambica_vijayan','Ambica','ambica_vijayan@gmail.com',0,1,'2019-10-18 09:27:27','Vijayan');
INSERT INTO auth_user VALUES(9,'pbkdf2_sha256$150000$fyMTZj4929Ri$jBo+v1c1XQi3nRS9gDIscVqQfPMPiZF+U5yFQby+RxU=',NULL,0,'nandini_deepak','Nandini','nandinideepak@gmail.com',0,1,'2019-10-19 17:38:58','Deepak');
INSERT INTO auth_user VALUES(10,'pbkdf2_sha256$150000$22EWaoUuXyig$jasmtJw+gob2iAZ6clg9NOPdusnRLD9SNwCPCvJpk64=',NULL,0,'dhananjayan_pn','Dhananjayan','pndjay13@gmail.com',0,1,'2019-10-19 17:43:30','PN');
INSERT INTO auth_user VALUES(11,'pbkdf2_sha256$150000$DVcag97hYG87$QiK9OjyzSE+PczgEHEJk+B0GZFEkgjzjE3FTMVMVuYg=',NULL,0,'first_name','First','firstname@gmail.com',0,1,'2019-10-19 17:45:08','Name');
INSERT INTO auth_user VALUES(12,'pbkdf2_sha256$150000$NAxkH8qgEWuC$fZisWFsm7vdla+ckRNaovm4Po4x6tF465QDYLI4o2os=',NULL,0,'second_name','Second','secondname@gmail.com',0,1,'2019-10-19 17:46:35','Name');
INSERT INTO auth_user VALUES(13,'pbkdf2_sha256$150000$QJ1yuRVq23iQ$TVjAlFAuPzmaYkTojBJXTbl6KanomMhLc3vyHdV8Nvg=',NULL,0,'1','1','1name@gmail.com',0,1,'2019-10-19 17:51:50','Name');
INSERT INTO auth_user VALUES(14,'pbkdf2_sha256$150000$FH3gukDKdRlj$HP3hHBd7BMm+W46My1hOjVYlPTq4PXPQUW0XyOokmjk=',NULL,0,'2','2','2name@gmail.com',0,1,'2019-10-19 17:51:50','Name');
INSERT INTO auth_user VALUES(15,'pbkdf2_sha256$150000$wbOfS48w7vSd$wR9r4ViDnHEuTo3W3ydrfS+0LEDnvLPXEnzV6qz+FsA=',NULL,0,'3','3','3name@gmail.com',0,1,'2019-10-19 17:51:51','Name');
INSERT INTO auth_user VALUES(16,'pbkdf2_sha256$150000$Gg05PqL0aE2E$TkINi0G0m4g2G01JxUGtCm0wbP4s0xTLTMjYiedmX4Y=',NULL,0,'4','4','4name@gmail.com',0,1,'2019-10-19 17:51:51','Name');
INSERT INTO auth_user VALUES(17,'pbkdf2_sha256$150000$2AXBVq6nWzB6$l2j27AmkZSEzKoQjJu/ENmF3S/a/MQYSnDNB7wAOH9Q=',NULL,0,'5','5','5name@gmail.com',0,1,'2019-10-19 17:51:51','Name');
INSERT INTO auth_user VALUES(18,'pbkdf2_sha256$150000$VdEqdItUfGUp$d4wXG+3NgxjLK7bsagn/D3gSKK1KhONzwSfd3X91uVs=',NULL,0,'6','6','6name@gmail.com',0,1,'2019-10-19 17:51:52','Name');
INSERT INTO auth_user VALUES(19,'pbkdf2_sha256$150000$RicxOulB5HHC$aewkK1chFHLqyDoi/ORahrrgAuqJYXPwSOSJt119EIg=',NULL,0,'7','7','7name@gmail.com',0,1,'2019-10-19 17:51:52','Name');
INSERT INTO auth_user VALUES(20,'pbkdf2_sha256$150000$Fxat5bVAy7aa$TgUzJxQx3ITLDNXGC8IcDun+lz2RBoGOZJzkijS1cCc=',NULL,0,'8','8','8name@gmail.com',0,1,'2019-10-19 17:51:53','Name');
INSERT INTO auth_user VALUES(21,'pbkdf2_sha256$150000$1cSSX3KjimtO$NK0xpALiBaML/YFHJxdrpjHCtuvwOPvDWnMSIjHPKRc=',NULL,0,'9','9','9name@gmail.com',0,1,'2019-10-19 17:51:53','Name');
INSERT INTO auth_user VALUES(22,'pbkdf2_sha256$150000$IeVgOp8XQw6q$cMPBokR2gz7fNn+zu1A+LsetFso8cf4sTY5CAw0N46c=',NULL,0,'10','10','10name@gmail.com',0,1,'2019-10-19 17:51:53','Name');
INSERT INTO auth_user VALUES(23,'pbkdf2_sha256$150000$tnp8PX9JDx2e$IezZzMeZKcgn/D+HRHjXOiAgYxpY3RpTO7hLMlx39sY=',NULL,0,'11','11','11name@gmail.com',0,1,'2019-10-19 17:51:54','Name');
INSERT INTO auth_user VALUES(24,'pbkdf2_sha256$150000$h2KTgrtPPc9h$TtFMlRzks0ZnObJ6cj4Esd09vG6K0XYTBqIFyPjZoC8=',NULL,0,'12','12','12name@gmail.com',0,1,'2019-10-19 17:51:54','Name');
INSERT INTO auth_user VALUES(25,'pbkdf2_sha256$150000$98D3Dx107xis$Y0jT5PE4+XI8eKE7PG1bXflur+j3AG/8WSQdt+ScLvs=',NULL,0,'13','13','13name@gmail.com',0,1,'2019-10-19 17:51:55','Name');
INSERT INTO auth_user VALUES(26,'pbkdf2_sha256$150000$RPuvqXDRRCeF$H4vKzIhFqWBMI6W4mB3KrA4UTgzlQwyzzuncrLEr7PQ=',NULL,0,'14','14','14name@gmail.com',0,1,'2019-10-19 17:51:55','Name');
INSERT INTO auth_user VALUES(27,'pbkdf2_sha256$150000$RH0wJ6ustBQu$4vdyE3OnFcquKvnrRON75bjhiNc3UmVBnV/RKnUsESU=',NULL,0,'15','15','15name@gmail.com',0,1,'2019-10-19 17:51:55','Name');
INSERT INTO auth_user VALUES(28,'pbkdf2_sha256$150000$Wf7Lwx1rcFh1$ZjZzyUb5kHuSWckxHwf3p9GXWtPspq/VLwtEU6vYWhM=',NULL,0,'16','16','16name@gmail.com',0,1,'2019-10-19 17:51:56','Name');
INSERT INTO auth_user VALUES(29,'pbkdf2_sha256$150000$yIqP5GBNC4ux$dmTi4fQFwzeYVCUU+P9Jb8tqey1TY5pJ0zHjBtI6llQ=',NULL,0,'17','17','17name@gmail.com',0,1,'2019-10-19 17:51:56','Name');
INSERT INTO auth_user VALUES(30,'pbkdf2_sha256$150000$emUwnokwbb7V$O3iTEkyRR8C0/IaWges8zkWYEfeAj1UKc9DozE3d0GM=',NULL,0,'18','18','18name@gmail.com',0,1,'2019-10-19 17:51:57','Name');
INSERT INTO auth_user VALUES(31,'pbkdf2_sha256$150000$uixBifUHGEEv$vBcv63UNWubMhN961/migdtUCejnfbqf6k5lUKbiyH0=',NULL,0,'19','19','19name@gmail.com',0,1,'2019-10-19 17:51:57','Name');
INSERT INTO auth_user VALUES(33,'pbkdf2_sha256$150000$55SUvpvsSQTh$IYjOkAxq8HyTNf6VbT3tqckNFfdBckEFPLQ4Wt/XRCE=',NULL,0,'pn_djay','Dhananjayan','pndjay@gmail.com',0,1,'2019-10-21 11:27:17','PN');
INSERT INTO auth_user VALUES(34,'pbkdf2_sha256$150000$cuA9RZTB7MD5$ZbP0frxkC6L/aKkgUBzg98gSQ1h7vqV0+obQ8NG6+pY=',NULL,0,'sanajayan_pn','Sananjayan','lord_is_joseph@gmail.com',0,1,'2019-10-22 10:09:49','PN');
INSERT INTO auth_user VALUES(35,'pbkdf2_sha256$150000$lthXyjlUGLGI$JzuV7pjDUDwBQPK76NnMnV9STeaD53qwtvqp0QEA2Kw=',NULL,0,'arhammusheer123','Arham','arham.musheer@gmail.com',0,1,'2019-11-04 10:41:20','Musheer');
INSERT INTO auth_user VALUES(36,'pbkdf2_sha256$150000$eXzfLT6Ig7Cw$3IQFeobR/9bi/dw1VAF/E02v1FSVgwH879T/v5P5tS0=',NULL,0,'arham_teacher','arham','arhamteacher@gmail.com',0,1,'2019-11-04 10:46:06','teacher');
CREATE TABLE IF NOT EXISTS "auth_group" ("id" integer NOT NULL PRIMARY KEY AUTOINCREMENT, "name" varchar(150) NOT NULL UNIQUE);
CREATE TABLE IF NOT EXISTS "django_session" ("session_key" varchar(40) NOT NULL PRIMARY KEY, "session_data" text NOT NULL, "expire_date" datetime NOT NULL);
INSERT INTO django_session VALUES('atusamm1vbib18xylpa9z5uidssvj4lw','NTBhNTg1NDJhNTQ4YzdiMDdkZjcwNWZlZWM1NTQzYmYyMjJhOGM1Nzp7Il9hdXRoX3VzZXJfaWQiOiIxIiwiX2F1dGhfdXNlcl9iYWNrZW5kIjoiZGphbmdvLmNvbnRyaWIuYXV0aC5iYWNrZW5kcy5Nb2RlbEJhY2tlbmQiLCJfYXV0aF91c2VyX2hhc2giOiI0NDdkY2U2ZWIzNDFmZTYwNzJkNzc5OWRhYzgwN2QzY2U4ODM3MjYzIn0=','2019-10-27 19:51:53.571654');
INSERT INTO django_session VALUES('nnonrp2kx488s1xy5t6obtq0f1vexrzn','MWQ3MTMyYzYyNmFhYzc3YzczZDRlYjM0NGM4NjNkMzA4ODcwMzBmNjp7Il9hdXRoX3VzZXJfaWQiOiI0IiwiX2F1dGhfdXNlcl9iYWNrZW5kIjoiZGphbmdvLmNvbnRyaWIuYXV0aC5iYWNrZW5kcy5Nb2RlbEJhY2tlbmQiLCJfYXV0aF91c2VyX2hhc2giOiJkNTI2M2JjODhhNGY0ZWUwYTYzNGVkMTM4NTE4NGY2MzYxYmRiNjkzIn0=','2019-11-02 10:46:50.516609');
INSERT INTO django_session VALUES('l8pwj9gvz9w3qd2dg4v954ahlxdaf3p1','MWQ3MTMyYzYyNmFhYzc3YzczZDRlYjM0NGM4NjNkMzA4ODcwMzBmNjp7Il9hdXRoX3VzZXJfaWQiOiI0IiwiX2F1dGhfdXNlcl9iYWNrZW5kIjoiZGphbmdvLmNvbnRyaWIuYXV0aC5iYWNrZW5kcy5Nb2RlbEJhY2tlbmQiLCJfYXV0aF91c2VyX2hhc2giOiJkNTI2M2JjODhhNGY0ZWUwYTYzNGVkMTM4NTE4NGY2MzYxYmRiNjkzIn0=','2019-11-02 20:46:42.619044');
INSERT INTO django_session VALUES('xd4db2g23fjfzjwmc50jhbenez5e3ymw','MWQ3MTMyYzYyNmFhYzc3YzczZDRlYjM0NGM4NjNkMzA4ODcwMzBmNjp7Il9hdXRoX3VzZXJfaWQiOiI0IiwiX2F1dGhfdXNlcl9iYWNrZW5kIjoiZGphbmdvLmNvbnRyaWIuYXV0aC5iYWNrZW5kcy5Nb2RlbEJhY2tlbmQiLCJfYXV0aF91c2VyX2hhc2giOiJkNTI2M2JjODhhNGY0ZWUwYTYzNGVkMTM4NTE4NGY2MzYxYmRiNjkzIn0=','2019-11-03 11:31:30.011053');
CREATE TABLE IF NOT EXISTS "teacherview_events" ("event_id" integer NOT NULL PRIMARY KEY AUTOINCREMENT, "event_name" varchar(64) NOT NULL, "teacher_incharge" varchar(64) NOT NULL, "date_published" date NOT NULL, "event_information" text NOT NULL, "event_dates" text NOT NULL, "single_check" varchar(5) NOT NULL, "teacher_incharge_id" integer NOT NULL, "event_attachment" varchar(100) NOT NULL);
INSERT INTO teacherview_events VALUES(1,'NPSK Hackathon','Vikranti Ashtikar','2019-10-08','DPS WON! SCREW YOU NPS!','2019-11-15 to 2019-11-16','True',4,'event_info.txt');
INSERT INTO teacherview_events VALUES(2,'Hysteria','Priya Palsule','2019-10-08','Stand Up Comedy Competition.','2019-12-20 to 2019-12-20','True',7,'Attachments/AutoDust_zK36zKS.txt');
INSERT INTO teacherview_events VALUES(7,'The Amateur Scientist','Rupinder Kaur','2019-10-09','PES''s Annual Science Fest.','2019-12-23 to 2019-12-26','False',5,'Attachments/AutoDust_WEgNtBk.txt');
INSERT INTO teacherview_events VALUES(9,'DNMUN 2019','Vijaylakshmi V','2019-10-09','DPS North Annual MUN.','2019-12-01 to 2019-12-04','False',6,'Attachments/AutoDust_6heh5tz.txt');
INSERT INTO teacherview_events VALUES(10,'Invictus 2020','Ambica Vijayan','2019-10-09','School Fest.','2020-01-01 to 2020-01-03','False',7,'Attachments/AutoDust_KRkmCSL.txt');
INSERT INTO teacherview_events VALUES(14,'IIMUN 2019','Vijaylakshmi V','2019-10-15','Finally a Good MUN.','2019-12-22 to 2019-12-25','False',6,'ciscoproject.pem');
INSERT INTO teacherview_events VALUES(16,'Dummy Fest','Vikranti Ashtikar','2019-10-16','xyz','2019-12-01 to 2019-12-01','False',4,'Attachments/AutoDust_A7ZItFq.txt');
INSERT INTO teacherview_events VALUES(18,'Sample Event 1','Arham Musheer','2019-10-21','Sample Event 1','2019-11-01 to 2019-11-10','True',8,'Attachments/AutoDust_a2Q5dkq.txt');
INSERT INTO teacherview_events VALUES(20,'Sample Event 2','Arham Musheer','2019-10-21','Sample Event 2 Info','2019-12-01 to 2019-12-10','True',8,'Attachments/AutoDust_jEwpeW4.txt');
INSERT INTO teacherview_events VALUES(21,'Hallelujah','Vikranti Ashtikar','2019-10-25','Hallelujah Server Survived!','2019-12-01 to 2019-12-03','True',4,'Attachments/CISCO_TALENT_OUTREACH_PROGRAM_2019.docx');
INSERT INTO teacherview_events VALUES(22,'Testing Teacher Validation','Vikranti Ashiktar','2019-12-13','Testing Teacher Validation','2020-01-04 to 2020-01-28','False',4,'Attachments/Mathematics_SQP.pdf');
INSERT INTO teacherview_events VALUES(23,'Final Test','Vikranti Ashtikar','2019-12-13','Final Test Teacher Validation','2020-01-19 to 2020-01-21','False',4,'Attachments/Mathematics_SQP_9nd5GwB.pdf');
CREATE TABLE IF NOT EXISTS "teacherview_subevents" ("subevent_id" integer NOT NULL PRIMARY KEY AUTOINCREMENT, "subevent_name" varchar(64) NOT NULL, "subevent_dates" varchar(64) NOT NULL, "subevent_type" varchar(1) NOT NULL, "event_id" integer NOT NULL, "total_slots" integer NOT NULL, "total_registrations" integer NOT NULL, "maximum_students" integer NOT NULL, "selected_students" integer NOT NULL, "subevent_information" text NOT NULL, "subevent_requirements" text NOT NULL, "subevent_teacher_incharge" varchar(64) NOT NULL, "published_date" date NOT NULL, "last_date" date NOT NULL, "allowed_grades" varchar(32) NOT NULL, "subevent_attachment" varchar(100) NOT NULL, "category" varchar(32) NOT NULL, "subevent_teacher_incharge_id" integer NOT NULL, "confirmation_status" varchar(1) NOT NULL, "group_size" integer NULL);
INSERT INTO teacherview_subevents VALUES(2,'Hysteria','2019-12-20 to 2019-12-20','G',2,50,0,4,0,'Stand Up Comedy Competition.','Selections will be held.','Priya Palsule','2019-10-08','2019-12-16','9th,11th','event_info.txt','IT',7,'Y',2);
INSERT INTO teacherview_subevents VALUES(4,'Security Council','2019-12-01 to 2019-12-04','I',9,25,0,2,0,'Most Intense Committee. Only Best Delegates.','Selections Will Be Held.','Vijaylakshmi V','2019-10-09','2019-11-16','10th,11th,12th','event_info.txt','IT',6,'N',1);
INSERT INTO teacherview_subevents VALUES(5,'Enigma','2019-12-23 to 2019-12-23','I',7,50,0,3,0,'Biology Student.','Must Be a Biology Student.','Manaswani Shah','2019-10-10','2019-11-30','11th,12th','event_info.txt','IT',7,'Y',1);
INSERT INTO teacherview_subevents VALUES(6,'Code Blooded','2019-12-24 to 2019-12-24','I',7,40,20,6,6,'Competetive Coding Competition.','Selections will be held.','Vikranti Ashtikar','2019-10-10','2019-11-28','11th,12th','Attachments/AutoDust_cnKIdXN.txt','Science',4,'N',1);
INSERT INTO teacherview_subevents VALUES(8,'SC','2019-12-22 to 2019-12-25','G',14,50,0,25,0,'Toughest Committee.','Class 10-12 students.','Vijaylakshmi V','2019-10-15','2019-11-17','10th,11th,12th','Attachments/AutoDust.txt','IT',6,'N',4);
INSERT INTO teacherview_subevents VALUES(11,'NPSK Hackathon','2019-11-15 to 2019-11-16','I',1,50,5,12,3,'DPS WON! SCREW YOU NPS!','Has to be a Computer Science Student.','Vikranti Ashtikar','2019-10-16','2019-10-26','11th,12th','Attachments/AutoDust_JQ5bM89.txt','IT',4,'N',1);
INSERT INTO teacherview_subevents VALUES(12,'Dummy Event 1','2019-12-01 to 2019-12-01','G',16,10,0,4,0,'Help MEEE.','Help.','Vikranti Ashtikar','2019-10-19','2019-11-25','10th,11th,12th','Attachments/CISCO_TALENT_OUTREACH_PROGRAM_2019_OSA5Hm8.docx','IT',4,'N',4);
INSERT INTO teacherview_subevents VALUES(15,'Sample Event 1','2019-11-01 to 2019-11-10','I',18,10,0,4,0,'Sample Event 1','Sample Requirements','Arham Musheer','2019-10-21','2019-10-31','11th,12th','Attachments/AutoDust_a2Q5dkq.txt','Technology',8,'N',1);
INSERT INTO teacherview_subevents VALUES(17,'Sample Event 2','2019-12-01 to 2019-12-10','I',20,10,0,4,0,'Sample Event 2 Info','Lol','Arham Musheer','2019-10-21','2019-11-15','11th,12th','Attachments/AutoDust_jEwpeW4.txt','Science',8,'N',1);
INSERT INTO teacherview_subevents VALUES(18,'Hallelujah','2019-12-01 to 2019-12-03','I',21,5,1,3,1,'Hallelujah Server Survived!','Must Be A Student.','Vikranti Ashtikar','2019-10-25','2019-11-13','12th','Attachments/CISCO_TALENT_OUTREACH_PROGRAM_2019.docx','Design',4,'N',1);
INSERT INTO teacherview_subevents VALUES(19,'Question Mark','2020-01-01 to 2020-01-03','I',10,21,1,4,1,'WOOOOOOOOO','Mystery Event.','Ambica Vijayan','2019-10-27','2019-12-01','11th,12th','Attachments/CISCO_TALENT_OUTREACH_PROGRAM_2019_HZUZjTf.docx','Public Speaking',7,'N',1);
INSERT INTO teacherview_subevents VALUES(20,'Help Me Help You','2020-01-01 to 2020-01-28','G',22,5,1,4,0,'Help','Help','Vikranti Ashtikar','2019-12-13','2019-12-19','10th,11th,12th','Attachments/3._Bag_Ban_Bad_for_Freedom_and_Environment__.pdf','IT',4,'N',3);
CREATE TABLE IF NOT EXISTS "teacherview_status" ("id" integer NOT NULL PRIMARY KEY AUTOINCREMENT, "status" varchar(1) NOT NULL, "user_id" integer NOT NULL UNIQUE REFERENCES "auth_user" ("id") DEFERRABLE INITIALLY DEFERRED, "department" varchar(64) NOT NULL, "achievements" text NOT NULL);
INSERT INTO teacherview_status VALUES(1,'M',1,'Computer Science','None');
INSERT INTO teacherview_status VALUES(3,'T',3,'Computer Science','');
INSERT INTO teacherview_status VALUES(4,'T',4,'Computer Science','');
INSERT INTO teacherview_status VALUES(5,'T',5,'Computer Science','');
INSERT INTO teacherview_status VALUES(6,'T',6,'Computer Science','');
INSERT INTO teacherview_status VALUES(7,'T',7,'Computer Science','');
INSERT INTO teacherview_status VALUES(9,'S',9,'None',replace('[{\n            "name":Test Achievement 2:"information":Test Achievement 2:"Registration Date":2019-12-01 to 2019-12-17:"category":Debate:"id":2\n            }666{\n            "name":Test Achievement 1:"information":Cross App Testingvvv:"Registration Date":2019-12-20 to 2020-01-01:"category":Science:"id":2\n            }666]','\n',char(10)));
INSERT INTO teacherview_status VALUES(11,'T',33,'None','Nothing Lol');
INSERT INTO teacherview_status VALUES(12,'S',34,'None','None');
INSERT INTO teacherview_status VALUES(13,'S',13,'None',replace(replace('1) Won Blah Blah\r\n2) Please My Ego Please','\r',char(13)),'\n',char(10)));
INSERT INTO teacherview_status VALUES(14,'S',22,'None','Help Meee');
INSERT INTO teacherview_status VALUES(16,'S',17,'None','Help Me Pls');
INSERT INTO teacherview_status VALUES(17,'S',18,'None','Help Meeeeeeeeee');
INSERT INTO teacherview_status VALUES(18,'S',35,'None','""');
INSERT INTO teacherview_status VALUES(19,'T',36,'C++','None');
CREATE TABLE IF NOT EXISTS "studentview_registrations" ("registration_id" integer NOT NULL PRIMARY KEY AUTOINCREMENT, "student_name" varchar(64) NOT NULL, "student_class" integer NOT NULL, "student_section" varchar(1) NOT NULL, "event_id" integer NOT NULL, "subevent_id" integer NOT NULL, "reg_info" text NOT NULL, "reg_status" varchar(1) NOT NULL, "user_id" integer NOT NULL REFERENCES "auth_user" ("id") DEFERRABLE INITIALLY DEFERRED, "event_type" varchar(1) NOT NULL, "group_id" integer NOT NULL, "date_applied" date NOT NULL);
INSERT INTO studentview_registrations VALUES(1,'Aayush Dani',12,'A',1,11,'HAD TO DELETE ALL REGISTRATIONS FFS.','A',1,'I',0,'2019-10-15');
INSERT INTO studentview_registrations VALUES(2,'Nandini Deepak',12,'A',1,11,'HELP!','R',9,'I',0,'2019-10-15');
INSERT INTO studentview_registrations VALUES(3,'Dhananjayan PN',12,'A',1,11,'HELP 2!','R',10,'I',0,'2019-10-15');
INSERT INTO studentview_registrations VALUES(4,'First Name',12,'A',1,11,'HELP 3!','A',11,'I',0,'2019-10-15');
INSERT INTO studentview_registrations VALUES(5,'Second Name',12,'A',1,11,'HELP 4!','A',12,'I',0,'2019-10-15');
INSERT INTO studentview_registrations VALUES(6,'1',10,'B',7,6,'HELP 1!','R',13,'I',0,'2019-10-15');
INSERT INTO studentview_registrations VALUES(7,'2',10,'B',7,6,'HELP 2!','A',14,'I',0,'2019-10-15');
INSERT INTO studentview_registrations VALUES(8,'3',10,'B',7,6,'HELP 3!','A',15,'I',0,'2019-10-15');
INSERT INTO studentview_registrations VALUES(9,'4',10,'B',7,6,'HELP 4!','A',16,'I',0,'2019-10-15');
INSERT INTO studentview_registrations VALUES(10,'5',10,'B',7,6,'HELP 5!','R',17,'I',0,'2019-10-15');
INSERT INTO studentview_registrations VALUES(11,'6',10,'B',7,6,'HELP 6!','R',18,'I',0,'2019-10-15');
INSERT INTO studentview_registrations VALUES(12,'7',10,'B',7,6,'HELP 7!','R',19,'I',0,'2019-10-15');
INSERT INTO studentview_registrations VALUES(13,'8',10,'B',7,6,'HELP 8!','R',20,'I',0,'2019-10-15');
INSERT INTO studentview_registrations VALUES(14,'9',10,'B',7,6,'HELP 9!','A',21,'I',0,'2019-10-15');
INSERT INTO studentview_registrations VALUES(15,'10',10,'B',7,6,'HELP 10!','R',22,'I',0,'2019-10-15');
INSERT INTO studentview_registrations VALUES(16,'11',10,'B',7,6,'HELP 11!','A',23,'I',0,'2019-10-15');
INSERT INTO studentview_registrations VALUES(17,'12',10,'B',7,6,'HELP 12!','R',24,'I',0,'2019-10-15');
INSERT INTO studentview_registrations VALUES(18,'13',10,'B',7,6,'HELP 13!','R',25,'I',0,'2019-10-15');
INSERT INTO studentview_registrations VALUES(19,'14',10,'B',7,6,'HELP 14!','R',26,'I',0,'2019-10-15');
INSERT INTO studentview_registrations VALUES(20,'15',10,'B',7,6,'HELP 15!','R',27,'I',0,'2019-10-15');
INSERT INTO studentview_registrations VALUES(21,'16',10,'B',7,6,'HELP 16!','A',28,'I',0,'2019-10-15');
INSERT INTO studentview_registrations VALUES(22,'17',10,'B',7,6,'HELP 17!','R',29,'I',0,'2019-10-15');
INSERT INTO studentview_registrations VALUES(23,'18',10,'B',7,6,'HELP 18!','R',30,'I',0,'2019-10-15');
INSERT INTO studentview_registrations VALUES(24,'19',10,'B',7,6,'HELP 19!','R',31,'I',0,'2019-10-15');
INSERT INTO studentview_registrations VALUES(25,'Nandini Deepak',12,'A',7,6,'Lol','R',9,'I',0,'2019-10-15');
INSERT INTO studentview_registrations VALUES(26,'Nandini Deepak',12,'A',9,4,replace(replace('I''ve delegated at multiple MUN conferences:\r\n1) XYZ Model United Nations\r\n2) ABC Model United Nations','\r',char(13)),'\n',char(10)),'',9,'I',0,'2019-10-15');
INSERT INTO studentview_registrations VALUES(27,'Nandini Deepak',12,'A',21,18,'Testing Cross App','A',9,'I',0,'2019-12-12');
INSERT INTO studentview_registrations VALUES(28,'Nandini Deepak',12,'A',2,2,'Testing Event Finalization Checks','R',9,'I',0,'2019-12-13');
INSERT INTO studentview_registrations VALUES(29,'Nandini Deepak',12,'A',14,8,'Testing Group Regs','',9,'G',1,'2019-12-16');
INSERT INTO studentview_registrations VALUES(32,'Aayush Dani',314,'125',14,8,'hlh','',1,'G',1,'2019-12-16');
INSERT INTO studentview_registrations VALUES(33,'Nandini Deepak',12,'A',10,19,'BEST EVENT EVER!','A',9,'I',0,'2019-12-27');
INSERT INTO studentview_registrations VALUES(35,'Nandini Deepak',12,'A',22,20,'Heregg','',9,'G',2,'2020-01-06');
INSERT INTO studentview_registrations VALUES(36,'Dhananjayan PN',12,'A',22,20,'djeh d2','',10,'G',2,'2020-01-06');
INSERT INTO studentview_registrations VALUES(37,'First Name',12,'A',22,20,'VFREV','',11,'G',2,'2020-01-06');
DELETE FROM sqlite_sequence;
INSERT INTO sqlite_sequence VALUES('django_migrations',50);
INSERT INTO sqlite_sequence VALUES('django_admin_log',192);
INSERT INTO sqlite_sequence VALUES('django_content_type',10);
INSERT INTO sqlite_sequence VALUES('auth_permission',40);
INSERT INTO sqlite_sequence VALUES('auth_user',36);
INSERT INTO sqlite_sequence VALUES('auth_group',0);
INSERT INTO sqlite_sequence VALUES('teacherview_events',23);
INSERT INTO sqlite_sequence VALUES('teacherview_subevents',20);
INSERT INTO sqlite_sequence VALUES('teacherview_status',19);
INSERT INTO sqlite_sequence VALUES('studentview_registrations',37);
CREATE UNIQUE INDEX "auth_group_permissions_group_id_permission_id_0cd325b0_uniq" ON "auth_group_permissions" ("group_id", "permission_id");
CREATE INDEX "auth_group_permissions_group_id_b120cbf9" ON "auth_group_permissions" ("group_id");
CREATE INDEX "auth_group_permissions_permission_id_84c5c92e" ON "auth_group_permissions" ("permission_id");
CREATE UNIQUE INDEX "auth_user_groups_user_id_group_id_94350c0c_uniq" ON "auth_user_groups" ("user_id", "group_id");
CREATE INDEX "auth_user_groups_user_id_6a12ed8b" ON "auth_user_groups" ("user_id");
CREATE INDEX "auth_user_groups_group_id_97559544" ON "auth_user_groups" ("group_id");
CREATE UNIQUE INDEX "auth_user_user_permissions_user_id_permission_id_14a6b632_uniq" ON "auth_user_user_permissions" ("user_id", "permission_id");
CREATE INDEX "auth_user_user_permissions_user_id_a95ead1b" ON "auth_user_user_permissions" ("user_id");
CREATE INDEX "auth_user_user_permissions_permission_id_1fbb5f2c" ON "auth_user_user_permissions" ("permission_id");
CREATE INDEX "django_admin_log_content_type_id_c4bce8eb" ON "django_admin_log" ("content_type_id");
CREATE INDEX "django_admin_log_user_id_c564eba6" ON "django_admin_log" ("user_id");
CREATE UNIQUE INDEX "django_content_type_app_label_model_76bd3d3b_uniq" ON "django_content_type" ("app_label", "model");
CREATE UNIQUE INDEX "auth_permission_content_type_id_codename_01ab375a_uniq" ON "auth_permission" ("content_type_id", "codename");
CREATE INDEX "auth_permission_content_type_id_2f476e4b" ON "auth_permission" ("content_type_id");
CREATE INDEX "django_session_expire_date_a5c62663" ON "django_session" ("expire_date");
CREATE INDEX "studentview_registrations_user_id_ceb80430" ON "studentview_registrations" ("user_id");
COMMIT;
